M_R_kNm_m,M_Rd_neg_kNm_m,M_Rd_pos_kNm_m,M_sec_neg_kNm_m,M_sec_pos_kNm_m,Px_total_kN,V_sec_neg_kN_m,V_sec_pos_kN_m,d_m,di_bw_mm,dp_m,ds_m,e_span_m,e_support_m,error,f_m,g0k_kN_m2,g1k_kN_m2,h_m,minimal_reinforcement_ok,n_bw,ok,pdx_kN_m,pdy_kN_m,pt_diagnosis,pt_m_rd_neg_kNm_m,pt_m_rd_pos_kNm_m,pt_m_sec_neg_kNm_m,pt_m_sec_pos_kNm_m,pt_q_bend_neg_kN_m2,pt_q_bend_pos_kN_m2,qk_zul_bending_kN_m2,qk_zul_gzt_kN_m2,qk_zul_shear_kN_m2,qs_class_neg,qs_class_pos,qs_req_neg,qs_req_pos,qu_bending_kN_m2,qu_shear_kN_m2,rc_M_R_pos_kNm_m,rc_M_Rd_neg_kNm_m,rc_M_Rd_pos_kNm_m,rc_qk_zul_bending_kN_m2,rc_qk_zul_gzt_kN_m2,rc_qk_zul_shear_kN_m2,rc_uls_governing_mode,rebar_xo_mm,rebar_xu_mm,rebar_yo_mm,rebar_yu_mm,s_bw_mm,sin_beta_x,sin_beta_y,uls_governing_mode,x_neg_m,x_neg_over_ds,x_pos_m,x_pos_over_d
168.5081942397411,-0.005026168522434787,0.005026168522434787,25.52885325,-18.668493,2648.7980799136967,-1.645380000000001,1.645380000000001,0.10400000000000001,16.0,0.14309011701057328,0.10400000000000001,0.053090117010573284,-0.053090117010573284,,0.10618023402114657,4.5,0.0,0.18,False,10,True,264.87980799136966,264.87980799136966,minimal reinforcement failed,-0.005026168522434787,0.005026168522434787,25.52885325,-18.668493,5.009432254541902,9.11944704432277,0.0,0.0,9.984508544619292,99,99,2,1,5.009432254541902,22.064262816928938,18.252,0.0030997202381319168,-0.0030997202381319168,0.0,0.0,0.0,bending,40.0,40.0,40.0,40.0,150.0,0.042472093608458626,0.042472093608458626,bending,0.23443836438138085,2.2542150421286618,0.23443836438138085,2.2542150421286618
173.53337642909506,-0.009207320323117062,0.009207320323117062,26.2379880625,-19.187062250000004,2599.9450580848757,-1.6910850000000028,1.6910850000000028,0.10900000000000001,16.0,0.14809011701057329,0.10900000000000001,0.05559011701057329,-0.05559011701057329,,0.11118023402114657,4.625,0.0,0.185,False,10,True,259.9945058084876,259.9945058084876,minimal reinforcement failed,-0.009207320323117062,0.009207320323117062,26.2379880625,-19.187062250000004,5.148583150502799,9.372765017779665,0.0,0.0,10.975154293053375,99,99,2,1,5.148583150502799,23.718981439580062,19.280083333333334,0.00017014783384380013,-0.00017014783384380013,0.0,0.0,0.0,bending,40.0,40.0,40.0,40.0,150.0,0.04447209360845863,0.04447209360845863,bending,0.23414524625040795,2.1481215252331003,0.23414524625040795,2.1481215252331003
178.5863737392021,-0.013860208390883698,0.013860208390883698,26.947122875,-19.7056315,2555.296970274343,-1.736790000000001,1.736790000000001,0.11400000000000002,16.0,0.1530901170105733,0.11400000000000002,0.05809011701057329,-0.05809011701057329,,0.11618023402114658,4.75,0.0,0.19,False,10,True,255.5296970274343,255.5296970274343,minimal reinforcement failed,-0.013860208390883698,0.013860208390883698,26.947122875,-19.7056315,5.287734046463778,9.626082991236762,0.0,0.0,12.006757626131458,99,99,2,1,5.287734046463778,25.435136439197187,20.336333333333336,-0.0031223148332589247,0.0031223148332589247,0.0,0.0,0.0,bending,40.0,40.0,40.0,40.0,150.0,0.04647209360845863,0.04647209360845863,bending,0.23387735772354473,2.051555769504778,0.23387735772354473,2.051555769504778
183.66622078665384,-0.019005812714557983,0.019005812714557983,27.656257687500002,-20.22420075,2514.333318970406,-1.7824950000000008,1.7824950000000008,0.11900000000000002,16.0,0.1580901170105733,0.11900000000000002,0.06059011701057329,-0.06059011701057329,,0.12118023402114658,4.875,0.0,0.195,False,10,True,251.4333318970406,251.4333318970406,minimal reinforcement failed,-0.019005812714557983,0.019005812714557983,27.656257687500002,-20.22420075,5.42688494242484,9.879400964694069,0.0,0.0,13.079318543853537,99,99,2,1,5.42688494242484,27.212727815780305,21.420750000000005,-0.006791440544790958,0.006791440544790958,0.0,0.0,0.0,bending,40.0,40.0,40.0,40.0,150.0,0.04847209360845863,0.04847209360845863,bending,0.2336315758157211,1.9632905530732863,0.2336315758157211,1.9632905530732863
188.77205369100912,-0.024666348892533746,0.024666348892533746,28.365392500000002,-20.74277,2476.616107302734,-1.8282000000000007,1.8282000000000007,0.12400000000000003,16.0,0.1630901170105733,0.12400000000000003,0.0630901170105733,-0.0630901170105733,,0.1261802340211466,5.0,0.0,0.2,False,10,True,247.66161073027337,247.66161073027337,minimal reinforcement failed,-0.024666348892533746,0.024666348892533746,28.365392500000002,-20.74277,5.566035838385984,10.132718938151578,0.0,0.0,14.192837046219605,99,99,2,1,5.566035838385984,29.05175556932941,22.533333333333335,-0.010851707969161932,0.010851707969161932,0.0,0.0,0.0,bending,40.0,40.0,40.0,40.0,150.0,0.05047209360845863,0.05047209360845863,bending,0.23340527254571508,1.882300585046089,0.23340527254571508,1.882300585046089
193.9030907306132,-0.030865365791906615,0.030865365791906615,29.0745273125,-21.261339250000002,2441.7741162770367,-1.8739050000000006,1.8739050000000006,0.12899999999999998,16.0,0.16809011701057328,0.12899999999999998,0.06559011701057328,-0.06559011701057328,,0.13118023402114656,5.125,0.0,0.205,False,10,True,244.17741162770366,244.17741162770366,minimal reinforcement failed,-0.030865365791906615,0.030865365791906615,29.0745273125,-21.261339250000002,5.70518673434721,10.386036911609295,0.0,0.0,15.347313133229667,99,99,2,1,5.70518673434721,30.9522196998445,23.674083333333332,-0.015318347471311354,0.015318347471311354,0.0,0.0,0.0,bending,40.0,40.0,40.0,40.0,150.0,0.05247209360845863,0.05247209360845863,bending,0.2331962205995609,1.807722640306674,0.2331962205995609,1.807722640306674
199.05861725986804,-0.037627851379608626,0.037627851379608626,29.783662125,-21.779908499999998,2409.4906456765784,-1.9196100000000005,1.9196100000000005,0.13399999999999998,16.0,0.17309011701057328,0.13399999999999998,0.06809011701057328,-0.06809011701057328,,0.13618023402114657,5.25,0.0,0.21,False,10,True,240.94906456765787,240.94906456765787,minimal reinforcement failed,-0.037627851379608626,0.037627851379608626,29.783662125,-21.779908499999998,5.84433763030852,10.639354885067219,0.0,0.0,16.542746804883723,99,99,2,1,5.84433763030852,32.91412020732558,24.842999999999996,-0.020207390536864385,0.020207390536864385,0.0,0.0,0.0,bending,40.0,40.0,40.0,40.0,150.0,0.05447209360845863,0.05447209360845863,bending,0.23300251977595815,1.7388247744474492,0.23300251977595815,1.7388247744474492
204.2379738314971,-0.044980347840193134,0.044980347840193134,30.4927969375,-22.298477749999996,2379.493859952675,-1.9653150000000006,1.9653150000000006,0.13899999999999998,16.0,0.17809011701057328,0.13899999999999998,0.07059011701057329,-0.07059011701057329,,0.14118023402114657,5.375,0.0,0.215,False,10,True,237.94938599526748,237.94938599526748,minimal reinforcement failed,-0.044980347840193134,0.044980347840193134,30.4927969375,-22.298477749999996,5.983488526269916,10.892672858525353,0.0,0.0,17.779138061181786,99,99,2,1,5.983488526269916,34.93745709177268,26.04008333333333,-0.02553572314786165,0.02553572314786165,0.0,0.0,0.0,bending,40.0,40.0,40.0,40.0,150.0,0.05647209360845863,0.05647209360845863,bending,0.23282253906161474,1.6749822954073004,0.23282253906161474,1.6749822954073004
209.44054675643176,-0.05295107717542577,0.05295107717542577,31.20193175,-22.817047,2351.549115390476,-2.0110200000000003,2.0110200000000003,0.144,16.0,0.1830901170105733,0.144,0.07309011701057329,-0.07309011701057329,,0.14618023402114658,5.5,0.0,0.22,False,10,True,235.15491153904762,235.15491153904762,minimal reinforcement failed,-0.05295107717542577,0.05295107717542577,31.20193175,-22.817047,6.122639422231399,11.145990831983704,0.0,0.0,19.05648690212384,99,99,2,1,6.122639422231399,37.02223035318576,27.26533333333333,-0.03132114348344171,0.03132114348344171,0.0,0.0,0.0,bending,40.0,40.0,40.0,40.0,150.0,0.05847209360845863,0.05847209360845863,bending,0.23265487059424153,1.6156588235711218,0.23265487059424153,1.6156588235711218
214.66576053698077,-0.061570078591986106,0.061570078591986106,31.9110665625,-23.335616249999998,2325.4528098615365,-2.0567250000000006,2.0567250000000006,0.149,16.0,0.1880901170105733,0.149,0.07559011701057329,-0.07559011701057329,,0.15118023402114658,5.625,0.0,0.225,False,10,True,232.54528098615367,232.54528098615367,minimal reinforcement failed,-0.061570078591986106,0.061570078591986106,31.9110665625,-23.335616249999998,6.261790318192968,11.399308805442276,0.0,0.0,20.37479332770989,99,99,2,1,6.261790318192968,39.16843999156484,28.518750000000004,-0.03758242436023179,0.03758242436023179,0.0,0.0,0.0,bending,40.0,40.0,40.0,40.0,150.0,0.060472093608458635,0.060472093608458635,bending,0.2324982927610679,1.5603912265843485,0.2324982927610679,1.5603912265843485
219.91307175348027,-0.0708693591240542,0.0708693591240542,32.62020137499999,-23.8541855,2301.027413951378,-2.1024300000000005,2.1024300000000005,0.154,16.0,0.1930901170105733,0.154,0.07809011701057329,-0.07809011701057329,,0.15618023402114659,5.75,0.0,0.23,False,10,True,230.10274139513783,230.10274139513783,minimal reinforcement failed,-0.0708693591240542,0.0708693591240542,32.62020137499999,-23.8541855,6.400941214154629,11.652626778901073,0.0,0.0,21.734057337939948,99,99,2,1,6.400941214154629,41.37608600690992,29.80033333333333,-0.044339380872663314,0.044339380872663314,0.0,0.0,0.0,bending,40.0,40.0,40.0,40.0,150.0,0.06247209360845864,0.06247209360845864,bending,0.23235174038560694,1.5087775349714736,0.23235174038560694,1.5087775349714736
225.18196408880357,-0.08088305910770008,0.08088305910770008,33.3293361875,-24.37275475,2278.1174269285752,-2.1481350000000003,2.1481350000000003,0.159,16.0,0.19809011701057327,0.159,0.08059011701057328,-0.08059011701057328,,0.16118023402114656,5.875,0.0,0.235,False,10,True,227.8117426928575,227.8117426928575,minimal reinforcement failed,-0.08088305910770008,0.08088305910770008,33.3293361875,-24.37275475,6.540092110116383,11.9059447523601,0.0,0.0,23.13427893281399,99,99,2,1,6.540092110116383,43.645168399220985,31.110083333333332,-0.05161294374592332,0.05161294374592332,0.0,0.0,0.5142266592164088,bending,40.0,40.0,40.0,40.0,150.0,0.06447209360845862,0.06447209360845862,bending,0.23221428046347015,1.4604671727262273,0.23221428046347015,1.4604671727262273
230.47194425108054,-0.09164763432734259,0.09164763432734259,34.038471,-24.891323999999997,2256.5860627701422,-2.1938399999999967,2.1938399999999967,0.164,16.0,0.20309011701057328,0.164,0.08309011701057328,-0.08309011701057328,,0.16618023402114657,6.0,0.0,0.24,False,10,True,225.65860627701426,225.65860627701426,minimal reinforcement failed,-0.09164763432734259,0.09164763432734259,34.038471,-24.891323999999997,6.679243006078232,12.159262725819364,0.0,0.0,24.575458112332036,99,99,2,1,6.679243006078232,45.97568716849805,32.448,-0.059425238971791874,0.059425238971791874,0.0,0.0,1.2771016970388385,bending,40.0,40.0,40.0,40.0,150.0,0.06647209360845863,0.06647209360845863,bending,0.23208509227851953,1.4151530016982898,0.23208509227851953,1.4151530016982898
235.78253861097647,-0.10320205689277451,0.10320205689277451,34.7476058125,-25.40989325,2236.3125169738328,-2.239545,2.239545,0.169,16.0,0.20809011701057328,0.169,0.08559011701057329,-0.08559011701057329,,0.17118023402114657,6.125,0.0,0.245,False,10,True,223.63125169738328,223.63125169738328,minimal reinforcement failed,-0.10320205689277451,0.10320205689277451,34.7476058125,-25.40989325,6.818393902040182,12.41258069927888,0.0,0.0,26.057594876494065,99,99,2,1,6.818393902040182,48.3676423147411,33.814083333333336,-0.06779967436521797,0.06779967436521797,0.0,0.0,2.0809343195052667,bending,40.0,40.0,40.0,40.0,150.0,0.06847209360845863,0.06847209360845863,bending,0.2319634510037417,1.3725647988387082,0.2319634510037417,1.3725647988387082
241.11329041157538,-0.11558803718573428,0.11558803718573428,35.456740625,-25.928462500000002,2217.1896987780933,-2.28525,2.28525,0.17400000000000002,16.0,0.2130901170105733,0.17400000000000002,0.08809011701057329,-0.08809011701057329,,0.17618023402114658,6.25,0.0,0.25,False,10,True,221.71896987780934,221.71896987780934,minimal reinforcement failed,-0.11558803718573428,0.11558803718573428,35.456740625,-25.928462500000002,6.957544798002234,12.66589867273865,0.0,0.0,27.580689225300098,99,99,2,1,6.957544798002234,50.82103383795015,35.208333333333336,-0.07676103375276426,0.07676103375276426,0.0,0.0,2.925724526615686,bending,40.0,40.0,40.0,40.0,150.0,0.07047209360845863,0.07047209360845863,bending,0.23184871409456725,1.3324638741067083,0.23184871409456725,1.3324638741067083
246.46375744025386,-0.1288502695427425,0.1288502695427425,36.1658754375,-26.447031749999994,2199.122338883258,-2.330954999999998,2.330954999999998,0.17900000000000002,16.0,0.2180901170105733,0.17900000000000002,0.09059011701057329,-0.09059011701057329,,0.18118023402114658,6.375,0.0,0.255,False,10,True,219.91223388832586,219.91223388832586,minimal reinforcement failed,-0.1288502695427425,0.1288502695427425,36.1658754375,-26.447031749999994,7.096695693964392,12.919216646198686,0.0,0.0,29.14474115875013,99,99,2,1,7.096695693964392,53.335861738125196,36.63075,-0.08633557959016794,0.08633557959016794,0.0,0.0,3.811472318370104,bending,40.0,40.0,40.0,40.0,150.0,0.07247209360845863,0.07247209360845863,bending,0.23174030993519823,1.2946386029899342,0.23174030993519823,1.2946386029899342
251.83351007569533,-0.14303670472408417,0.14303670472408417,36.87501025,-26.965601,2182.0254020835405,-2.3766600000000015,2.3766600000000015,0.18400000000000002,16.0,0.2230901170105733,0.18400000000000002,0.09309011701057329,-0.09309011701057329,,0.18618023402114658,6.5,0.0,0.26,False,10,True,218.20254020835404,218.20254020835404,minimal reinforcement failed,-0.14303670472408417,0.14303670472408417,36.87501025,-26.965601,7.2358465899266635,13.172534619659002,0.0,0.0,30.74975067684415,99,99,2,1,7.2358465899266635,55.91212601526623,38.08133333333333,-0.09655116490245,0.09655116490245,0.0,0.0,4.738177694768519,bending,40.0,40.0,40.0,40.0,150.0,0.07447209360845863,0.07447209360845863,bending,0.23163772831439994,1.258900697360869,0.23163772831439994,1.258900697360869
257.2221296413672,-258.68558490106767,258.68558490106767,37.5841450625,-27.48417025,2165.8227489887904,-2.4223650000000014,2.4223650000000014,0.20500000000000002,16.0,0.2280901170105733,0.20500000000000002,0.0955901170105733,-0.0955901170105733,,0.1911802340211466,6.625,0.0,0.265,True,10,True,216.58227489887906,216.58227489887906,ductility class failed (neg 2>2 or pos 2>1),-258.68558490106767,258.68558490106767,37.5841450625,-27.48417025,57.830062094014274,139.03081856860777,31.91587472934285,31.91587472934285,32.39571777958218,2,2,2,1,57.830062094014274,58.549826669373275,39.56008333333334,-217.22791611333952,217.22791611333952,0.0,0.0,21.18143888768191,bending,24.000000000000007,24.000000000000007,24.000000000000007,24.000000000000007,150.0,0.07647209360845864,0.07647209360845864,bending,0.0916713438186163,0.44717728692007946,0.0916713438186163,0.44717728692007946
262.6292070107846,-266.08620309008296,266.08620309008296,38.293279875,-28.0027395,2150.446002396579,-2.4680700000000013,2.4680700000000013,0.20999999999999996,16.0,0.2330901170105733,0.20999999999999996,0.0980901170105733,-0.0980901170105733,,0.1961802340211466,6.75,0.0,0.27,True,10,True,215.04460023965788,215.04460023965788,ductility class failed (neg 2>2 or pos 2>1),-266.08620309008296,266.08620309008296,38.293279875,-28.0027395,59.46722307470421,143.01334603143331,32.894815383136134,32.894815383136134,34.082642466964174,2,2,2,1,59.46722307470421,61.248963700446254,41.06700000000001,-223.78428339039638,223.78428339039638,0.0,0.0,22.60755886978342,bending,24.000000000000007,24.000000000000007,24.000000000000007,24.000000000000007,150.0,0.07847209360845864,0.07847209360845864,bending,0.09157908333906303,0.43609087304315736,0.09157908333906303,0.43609087304315736
268.05434142075836,-273.4835779687599,273.4835779687599,39.0024146875,-28.521308750000003,2135.8335827108863,-2.5137750000000016,2.5137750000000016,0.21499999999999997,16.0,0.2380901170105733,0.21499999999999997,0.1005901170105733,-0.1005901170105733,,0.2011802340211466,6.875000000000001,0.0,0.275,True,10,True,213.58335827108863,213.58335827108863,ductility class failed (neg 2>2 or pos 2>1),-273.4835779687599,273.4835779687599,39.0024146875,-28.521308750000003,61.08856583204484,146.95649494185758,33.863210554696565,33.863210554696565,35.81052473899018,2,2,2,1,61.08856583204484,64.00953710848528,42.60208333333334,-230.34065066745336,230.34065066745336,0.0,0.0,24.074636436528944,bending,24.000000000000007,24.000000000000007,24.000000000000007,24.000000000000007,150.0,0.08047209360845864,0.08047209360845864,bending,0.09149140882094889,0.42554143637650654,0.09149140882094889,0.42554143637650654
273.49713945731804,-280.8779534265129,280.8779534265129,39.71154950000001,-29.039878000000005,2121.929883711008,-2.5594800000000015,2.5594800000000015,0.21999999999999997,16.0,0.24309011701057331,0.21999999999999997,0.1030901170105733,-0.1030901170105733,,0.2061802340211466,7.000000000000001,0.0,0.28,True,10,True,212.19298837110082,212.19298837110082,ductility class failed (neg 2>2 or pos 2>1),-280.8779534265129,280.8779534265129,39.71154950000001,-29.039878000000005,62.7005025540535,150.87622807119004,34.82533503603566,34.82533503603566,37.5793645956602,2,2,2,1,62.7005025540535,66.8315468934903,44.16533333333334,-236.89701794451037,236.89701794451037,0.0,0.0,25.582671587918462,bending,24.000000000000007,24.000000000000007,24.000000000000007,24.000000000000007,150.0,0.08247209360845864,0.08247209360845864,bending,0.09140798662694961,0.4154908483043165,0.09140798662694961,0.4154908483043165
278.95721418569605,-288.26954952154057,288.26954952154057,40.42068431249999,-29.558447249999993,2108.684565409699,-2.6051850000000014,2.6051850000000014,0.22499999999999992,16.0,0.24809011701057326,0.22499999999999992,0.10559011701057328,-0.10559011701057328,,0.21118023402114655,7.124999999999999,0.0,0.285,True,10,True,210.8684565409699,210.8684565409699,ductility class failed (neg 2>2 or pos 2>1),-288.26954952154057,288.26954952154057,40.42068431249999,-29.558447249999993,64.30631966270565,154.7807267769141,35.78337977513709,35.78337977513709,39.389162036974184,2,2,2,1,64.30631966270565,69.71499305546128,45.75675,-243.45338522156723,243.45338522156723,0.0,0.0,27.13166432395196,bending,24.000000000000007,24.000000000000007,24.000000000000007,24.000000000000007,150.0,0.08447209360845861,0.08447209360845861,bending,0.09132851471714176,0.40590450985396354,0.09132851471714176,0.40590450985396354
284.4341844010439,-295.65856531962845,295.65856531962845,41.129819125,-30.077016499999996,2096.0519450435772,-2.6508900000000013,2.6508900000000013,0.22999999999999993,16.0,0.25309011701057327,0.22999999999999993,0.10809011701057328,-0.10809011701057328,,0.21618023402114656,7.249999999999999,0.0,0.29,True,10,True,209.60519450435774,209.60519450435774,ductility class failed (neg 2>2 or pos 2>1),-295.65856531962845,295.65856531962845,41.129819125,-30.077016499999996,65.90788263132836,158.6746350470139,36.73858842088558,36.73858842088558,41.23991706293218,2,2,2,1,65.90788263132836,72.65987559439827,47.37633333333333,-250.00975249862424,250.00975249862424,0.0,0.0,28.72161464462946,bending,24.000000000000007,24.000000000000007,24.000000000000007,24.000000000000007,150.0,0.08647209360845862,0.08647209360845862,bending,0.09125271899494503,0.396750952151935,0.09125271899494503,0.396750952151935
289.9276739807802,-303.04518133692176,303.04518133692176,41.8389539375,-30.595585749999998,2083.990470667152,-2.696595000000001,2.696595000000001,0.23499999999999993,16.0,0.2580901170105733,0.23499999999999993,0.11059011701057328,-0.11059011701057328,,0.22118023402114656,7.375,0.0,0.295,True,10,True,208.39904706671516,208.39904706671516,ductility class failed (neg 2>2 or pos 2>1),-303.04518133692176,303.04518133692176,41.8389539375,-30.595585749999998,67.50633396318916,162.56079707731305,37.69172264212611,37.69172264212611,43.13162967353419,2,2,2,1,67.50633396318916,75.66619451030128,49.02408333333333,-256.5661197756812,256.5661197756812,0.0,0.0,30.35252254995098,bending,24.000000000000007,24.000000000000007,24.000000000000007,24.000000000000007,150.0,0.08847209360845862,0.08847209360845862,bending,0.09118035014868647,0.38800148999441064,0.09118035014868647,0.38800148999441064
295.43731132284034,-310.42956164961714,310.42956164961714,42.54808875,-31.114155,2072.4622645680633,-2.742300000000001,2.742300000000001,0.23999999999999994,16.0,0.2630901170105733,0.23999999999999994,0.11309011701057328,-0.11309011701057328,,0.22618023402114656,7.5,0.0,0.3,True,10,True,207.24622645680637,207.24622645680637,ductility class failed (neg 2>2 or pos 2>1),-310.42956164961714,310.42956164961714,42.54808875,-31.114155,69.10241599223329,166.44106086524582,38.64327732815553,38.64327732815553,45.06429986878019,2,2,2,1,69.10241599223329,78.73394980317028,50.7,-263.1224870527382,263.1224870527382,0.0,0.0,32.024388039916474,bending,24.000000000000007,24.000000000000007,24.000000000000007,24.000000000000007,150.0,0.09047209360845862,0.09047209360845862,bending,0.09111118091209194,0.37962992046704985,0.09111118091209194,0.37962992046704985
300.9627288568252,-317.81185572234216,317.81185572234216,43.2572235625,-31.63272425,2061.4327259328224,-2.788005000000001,2.788005000000001,0.24499999999999994,16.0,0.2680901170105733,0.24499999999999994,0.11559011701057328,-0.11559011701057328,,0.23118023402114657,7.625,0.0,0.305,True,10,True,206.14327259328226,206.14327259328226,ductility class failed (neg 2>2 or pos 2>1),-317.81185572234216,317.81185572234216,43.2572235625,-31.63272425,70.69663450984625,170.31668554922095,39.59358967323083,39.59358967323083,47.03792764867018,2,2,2,1,70.69663450984625,81.86314147300526,52.404083333333325,-269.6788543297951,269.6788543297951,0.0,0.0,33.73721111452598,bending,24.000000000000007,24.000000000000007,24.000000000000007,24.000000000000007,150.0,0.09247209360845862,0.09247209360845862,bending,0.0910450036802805,0.3716122599195123,0.0910450036802805,0.3716122599195123
306.5035626172434,-325.19219999800634,325.19219999800634,43.966358375,-32.1512935,2050.87018398259,-2.8337100000000026,2.8337100000000026,0.24999999999999994,16.0,0.2730901170105733,0.24999999999999994,0.11809011701057329,-0.11809011701057329,,0.23618023402114657,7.75,0.0,0.31,True,10,True,205.08701839825898,205.08701839825898,ductility class failed (neg 2>2 or pos 2>1),-325.19219999800634,325.19219999800634,43.966358375,-32.1512935,72.28934788566838,174.1885632697367,40.54289859044558,40.54289859044558,49.052513013204155,2,2,2,1,72.28934788566838,85.05376951980622,54.13633333333333,-276.23522160685206,276.23522160685206,0.0,0.0,35.49099177377946,bending,24.000000000000007,24.000000000000007,24.000000000000007,24.000000000000007,150.0,0.09447209360845862,0.09447209360845862,bending,0.09098162842857911,0.3639265137143165,0.09098162842857911,0.3639265137143165
312.05945186983774,-332.57071928463193,332.57071928463193,44.6754931875,-32.66986275,2040.7455942548145,-2.8794150000000007,2.8794150000000007,0.25499999999999995,16.0,0.2780901170105733,0.25499999999999995,0.12059011701057329,-0.12059011701057329,,0.24118023402114658,7.875,0.0,0.315,True,10,True,204.07455942548145,204.07455942548145,ductility class failed (neg 2>2 or pos 2>1),-332.57071928463193,332.57071928463193,44.6754931875,-32.66986275,73.88081850760747,178.05734722631803,41.49137900507165,41.49137900507165,51.10805596238214,2,2,2,1,73.88081850760747,88.3058339435732,55.89675,-282.7915888839091,282.7915888839091,0.0,0.0,37.285730017676954,bending,24.000000000000007,24.000000000000007,24.000000000000007,24.000000000000007,150.0,0.09647209360845863,0.09647209360845863,bending,0.09092088089021245,0.3565524740792646,0.09092088089021245,0.3565524740792646
317.63003878344847,-339.94752796876037,339.94752796876037,45.384628,-33.188432,2031.0322718965756,-2.925120000000003,2.925120000000003,0.25999999999999995,16.0,0.2830901170105733,0.25999999999999995,0.12309011701057329,-0.12309011701057329,,0.24618023402114658,8.0,0.0,0.32,True,10,True,203.10322718965756,203.10322718965756,feasible,-339.94752796876037,339.94752796876037,45.384628,-33.188432,69.18640887305698,82.74255647100821,38.24927258203799,38.24927258203799,53.20455649620411,1,1,2,1,69.18640887305698,91.61933474430616,57.68533333333333,-289.347956160966,289.347956160966,0.0,0.0,39.12142584621845,bending,24.000000000000007,24.000000000000007,24.000000000000007,24.000000000000007,150.0,0.09847209360845863,0.09847209360845863,bending,0.09086260095606302,0.349471542138704,0.09086260095606302,0.349471542138704
323.21496814106683,-347.32273108020354,347.32273108020354,46.093762812499996,-33.707001250000005,2021.7056568123423,-2.970825000000001,2.970825000000001,0.26499999999999996,16.0,0.2880901170105733,0.26499999999999996,0.1255901170105733,-0.1255901170105733,,0.2511802340211466,8.125,0.0,0.325,True,10,True,202.17056568123422,202.17056568123422,feasible,-347.32273108020354,347.32273108020354,46.093762812499996,-33.707001250000005,97.70862381895225,118.41822375901829,57.15158254596816,55.34201461467009,55.34201461467009,1,1,2,1,97.70862381895225,94.99427192200514,59.50208333333334,-295.90432343802297,295.90432343802297,42.946016372879754,40.99807925940393,40.99807925940393,shear,24.000000000000007,24.000000000000007,24.000000000000007,24.000000000000007,150.0,0.10047209360845863,0.10047209360845863,shear,0.09080664126555762,0.34266657081342505,0.09080664126555762,0.34266657081342505
328.8138870847277,-354.69642522895145,354.69642522895145,46.802897625,-34.2255705,2012.743106314117,-3.0165300000000026,3.0165300000000026,0.26999999999999996,16.0,0.2930901170105733,0.26999999999999996,0.1280901170105733,-0.1280901170105733,,0.2561802340211466,8.25,0.0,0.33,True,10,True,201.2743106314117,201.2743106314117,feasible,-354.69642522895145,354.69642522895145,46.802897625,-34.2255705,101.56727120746446,123.1913219916957,59.61151413830964,57.52043031778006,57.52043031778006,1,1,2,1,101.56727120746446,98.4306454766701,61.347000000000016,-302.46069071508,302.46069071508,43.9620529085162,42.9156902572334,42.9156902572334,shear,24.000000000000007,24.000000000000007,24.000000000000007,24.000000000000007,150.0,0.10247209360845863,0.10247209360845863,shear,0.09075286596256826,0.33612172578728994,0.09075286596256826,0.33612172578728994
334.4264448897022,-362.0686994317793,362.0686994317793,47.5120324375,-34.74413975,2004.1237115884492,-3.0622350000000007,3.0622350000000007,0.27499999999999997,16.0,0.2980901170105733,0.27499999999999997,0.1305901170105733,-0.1305901170105733,,0.2611802340211466,8.375,0.0,0.335,True,10,True,200.4123711588449,200.4123711588449,feasible,-362.0686994317793,362.0686994317793,47.5120324375,-34.74413975,104.27713893747365,126.52504035186864,61.30559262498243,59.73980360553403,59.73980360553403,1,1,2,1,104.27713893747365,101.92845540830105,63.22008333333335,-309.0170579921369,309.0170579921369,44.97808944415265,44.87425883970689,44.87425883970689,shear,24.000000000000007,24.000000000000007,24.000000000000007,24.000000000000007,150.0,0.10447209360845863,0.10447209360845863,shear,0.09070114959421426,0.32982236216077915,0.09070114959421426,0.32982236216077915
340.05229276414235,-369.4396358434073,369.4396358434073,48.22116725,-35.262709,1995.8281348486416,-3.1079400000000024,3.1079400000000024,0.27999999999999997,16.0,0.3030901170105733,0.27999999999999997,0.1330901170105733,-0.1330901170105733,,0.2661802340211466,8.5,0.0,0.34,True,10,True,199.58281348486418,199.58281348486418,feasible,-369.4396358434073,369.4396358434073,48.22116725,-35.262709,106.68056032160491,129.47479238830465,62.79537354773662,62.00013447793199,62.00013447793199,1,1,2,1,106.68056032160491,105.48770171689797,65.12133333333335,-315.57342526919393,315.57342526919393,45.994125979789104,45.994125979789104,46.873785006824356,bending,24.000000000000007,24.000000000000007,24.000000000000007,24.000000000000007,150.0,0.10647209360845863,0.10647209360845863,shear,0.09065137613377541,0.32375491476348367,0.09065137613377541,0.32375491476348367
345.6910836708889,-376.80931040481966,376.80931040481966,48.9303020625,-35.78127825,1987.8384645024094,-3.1536450000000005,3.1536450000000005,0.2849999999999999,16.0,0.30809011701057326,0.2849999999999999,0.13559011701057327,-0.13559011701057327,,0.27118023402114655,8.625,0.0,0.345,True,10,True,198.78384645024093,198.78384645024093,feasible,-376.80931040481966,376.80931040481966,48.9303020625,-35.78127825,108.95813892510104,132.2668679162775,64.20125928340069,64.20125928340069,64.30142293497393,1,1,2,1,108.95813892510104,109.10838440246089,67.05075,-322.1297925462508,322.1297925462508,47.010162515425534,47.010162515425534,48.9142687585858,bending,24.000000000000007,24.000000000000007,24.000000000000007,24.000000000000007,150.0,0.10847209360845862,0.10847209360845862,bending,0.09060343811169802,0.317906800391923,0.09060343811169802,0.317906800391923
351.3424721686361,-384.17779341948415,384.17779341948415,49.639436875,-36.299847500000006,1980.1380860519037,-3.199350000000002,3.199350000000002,0.2899999999999999,16.0,0.31309011701057327,0.2899999999999999,0.13809011701057328,-0.13809011701057328,,0.27618023402114655,8.75,0.0,0.35,True,10,True,198.01380860519038,198.01380860519038,feasible,-384.17779341948415,384.17779341948415,49.639436875,-36.299847500000006,111.17179504925781,134.97885086123785,65.56453003283853,65.56453003283853,66.64366897665988,1,1,2,1,111.17179504925781,112.79050346498983,69.00833333333331,-328.6861598233078,328.6861598233078,48.026199051061994,48.026199051061994,50.99571009499128,bending,24.000000000000007,24.000000000000007,24.000000000000007,24.000000000000007,150.0,0.11047209360845862,0.11047209360845862,bending,0.090557235840995,0.31226633048618974,0.090557235840995,0.31226633048618974
